flight_id,route_id,aircraft_type_id,departure_datetime,arrival_datetime,seats_remaining
PA1001,R001,A003,2026-10-19 07:15:00,2026-10-19 08:45:00,143
PA1002,R001,A003,2026-12-06 15:45:00,2026-12-06 17:15:00,79
PA1003,R001,A002,2027-01-04 23:15:00,2027-01-05 00:45:00,17
PA1004,R001,A003,2027-02-27 05:30:00,2027-02-27 07:00:00,25
PA1005,R001,A002,2027-04-19 06:30:00,2027-04-19 08:00:00,5
PA1006,R001,A001,2027-08-21 14:00:00,2027-08-21 15:30:00,1
PA1007,R001,A003,2027-10-26 17:30:00,2027-10-26 19:00:00,134
PA1008,R001,A002,2026-09-26 08:45:00,2026-09-26 10:15:00,35
PA1009,R001,A001,2026-11-04 21:30:00,2026-11-04 23:00:00,32
PA1010,R001,A003,2026-12-26 07:15:00,2026-12-26 08:45:00,22
PA1011,R001,A003,2027-01-15 15:45:00,2027-01-15 17:15:00,11
PA1012,R001,A003,2027-05-01 23:15:00,2027-05-02 00:45:00,5
PA1013,R001,A003,2027-08-02 05:30:00,2027-08-02 07:00:00,104
PA1014,R001,A003,2027-09-25 06:30:00,2027-09-25 08:00:00,65
PA1015,R001,A003,2026-09-21 14:00:00,2026-09-21 15:30:00,33
PA1016,R001,A001,2026-12-19 17:30:00,2026-12-19 19:00:00,20
PA1017,R001,A001,2026-12-28 08:45:00,2026-12-28 10:15:00,13
PA1018,R001,A002,2027-04-03 21:30:00,2027-04-03 23:00:00,2
PA1019,R001,A003,2027-06-07 07:15:00,2027-06-07 08:45:00,135
PA1020,R001,A001,2027-09-04 15:45:00,2027-09-04 17:15:00,76
PA1021,R001,A003,2027-11-01 23:15:00,2027-11-02 00:45:00,37
PA1022,R001,A003,2026-09-20 05:30:00,2026-09-20 07:00:00,26
PA1023,R001,A001,2026-11-23 06:30:00,2026-11-23 08:00:00,9
PA1024,R001,A003,2027-01-02 14:00:00,2027-01-02 15:30:00,0
PA1025,R001,A002,2027-02-03 17:30:00,2027-02-03 19:00:00,64
PA1026,R001,A003,2027-06-19 08:45:00,2027-06-19 10:15:00,81
PA1027,R001,A001,2027-08-02 21:30:00,2027-08-02 23:00:00,36
PA1028,R001,A002,2027-10-09 07:15:00,2027-10-09 08:45:00,9
PA1029,R001,A003,2026-10-26 15:45:00,2026-10-26 17:15:00,12
PA1030,R001,A003,2026-11-21 23:15:00,2026-11-22 00:45:00,2
PA1031,R001,A003,2026-12-21 05:30:00,2026-12-21 07:00:00,112
PA1032,R001,A002,2027-02-27 06:30:00,2027-02-27 08:00:00,48
PA1033,R001,A002,2027-04-06 14:00:00,2027-04-06 15:30:00,27
PA1034,R002,A001,2027-07-03 23:15:00,2027-07-04 04:15:00,19
PA1035,R002,A003,2027-09-22 18:45:00,2027-09-22 23:45:00,9
PA1036,R002,A003,2026-09-19 15:45:00,2026-09-19 20:45:00,5
PA1037,R002,A003,2026-11-16 06:30:00,2026-11-16 11:30:00,108
PA1038,R002,A001,2027-01-02 05:30:00,2027-01-02 10:30:00,72
PA1039,R002,A003,2027-03-25 07:15:00,2027-03-25 12:15:00,52
PA1040,R002,A003,2027-04-17 08:45:00,2027-04-17 13:45:00,20
PA1041,R002,A002,2027-08-09 14:00:00,2027-08-09 19:00:00,7
PA1042,R002,A001,2027-09-11 21:30:00,2027-09-12 02:30:00,3
PA1043,R002,A003,2026-10-13 23:15:00,2026-10-14 04:15:00,126
PA1044,R002,A001,2026-11-21 18:45:00,2026-11-21 23:45:00,67
PA1045,R002,A003,2027-01-04 15:45:00,2027-01-04 20:45:00,32
PA1046,R002,A002,2027-02-20 06:30:00,2027-02-20 11:30:00,12
PA1047,R002,A003,2027-06-14 05:30:00,2027-06-14 10:30:00,13
PA1048,R002,A003,2027-08-07 07:15:00,2027-08-07 12:15:00,3
PA1049,R002,A003,2027-09-10 08:45:00,2027-09-10 13:45:00,144
PA1050,R002,A003,2026-10-31 14:00:00,2026-10-31 19:00:00,76
PA1051,R002,A002,2026-11-09 21:30:00,2026-11-10 02:30:00,18
PA1052,R002,A001,2026-12-26 23:15:00,2026-12-27 04:15:00,16
PA1053,R002,A003,2027-03-22 18:45:00,2027-03-22 23:45:00,11
PA1054,R002,A003,2027-05-23 15:45:00,2027-05-23 20:45:00,2
PA1055,R002,A003,2027-08-05 06:30:00,2027-08-05 11:30:00,124
PA1056,R002,A002,2027-09-05 05:30:00,2027-09-05 10:30:00,38
PA1057,R002,A003,2026-10-15 07:15:00,2026-10-15 12:15:00,38
PA1058,R002,A003,2026-11-21 08:45:00,2026-11-21 13:45:00,16
PA1059,R002,A002,2026-12-28 14:00:00,2026-12-28 19:00:00,5
PA1060,R002,A003,2027-02-20 21:30:00,2027-02-21 02:30:00,6
PA1061,R002,A003,2027-05-28 23:15:00,2027-05-29 04:15:00,97
PA1062,R002,A003,2027-07-03 18:45:00,2027-07-03 23:45:00,91
PA1063,R002,A001,2027-10-04 15:45:00,2027-10-04 20:45:00,47
PA1064,R002,A003,2026-10-03 06:30:00,2026-10-03 11:30:00,18
PA1065,R002,A001,2026-12-17 05:30:00,2026-12-17 10:30:00,12
PA1066,R002,A003,2027-01-02 07:15:00,2027-01-02 12:15:00,3
PA1067,R002,A001,2027-01-25 08:45:00,2027-01-25 13:45:00,115
PA1068,R002,A003,2027-04-17 14:00:00,2027-04-17 19:00:00,83
PA1069,R002,A003,2027-07-26 21:30:00,2027-07-27 02:30:00,49
PA1070,R002,A003,2027-10-02 23:15:00,2027-10-03 04:15:00,26
PA1071,R002,A003,2026-10-13 18:45:00,2026-10-13 23:45:00,14
PA1072,R002,A001,2026-12-12 15:45:00,2026-12-12 20:45:00,4
PA1073,R002,A003,2027-01-05 06:30:00,2027-01-05 11:30:00,109
PA1074,R002,A001,2027-01-30 05:30:00,2027-01-30 10:30:00,84
PA1075,R002,A003,2027-06-09 07:15:00,2027-06-09 12:15:00,36
PA1076,R003,A001,2027-08-28 07:15:00,2027-08-28 08:25:00,16
PA1077,R003,A001,2027-10-13 15:45:00,2027-10-13 16:55:00,8
PA1078,R003,A002,2026-10-31 20:15:00,2026-10-31 21:25:00,3
PA1079,R003,A003,2026-11-02 06:30:00,2026-11-02 07:40:00,110
PA1080,R003,A003,2026-12-26 18:45:00,2026-12-26 19:55:00,90
PA1081,R003,A002,2027-01-18 14:00:00,2027-01-18 15:10:00,27
PA1082,R003,A002,2027-04-10 23:15:00,2027-04-11 00:25:00,14
PA1083,R003,A001,2027-06-28 08:45:00,2027-06-28 09:55:00,12
PA1084,R003,A001,2027-09-18 17:30:00,2027-09-18 18:40:00,5
PA1085,R003,A001,2026-11-02 07:15:00,2026-11-02 08:25:00,118
PA1086,R003,A002,2026-12-19 15:45:00,2026-12-19 16:55:00,34
PA1087,R003,A003,2026-12-25 20:15:00,2026-12-25 21:25:00,40
PA1088,R003,A001,2027-01-09 06:30:00,2027-01-09 07:40:00,19
PA1089,R003,A002,2027-06-07 18:45:00,2027-06-07 19:55:00,6
PA1090,R003,A001,2027-07-17 14:00:00,2027-07-17 15:10:00,0
PA1091,R003,A002,2027-09-20 23:15:00,2027-09-21 00:25:00,66
PA1092,R003,A002,2026-10-10 08:45:00,2026-10-10 09:55:00,47
PA1093,R003,A003,2026-11-25 17:30:00,2026-11-25 18:40:00,51
PA1094,R003,A002,2027-01-02 07:15:00,2027-01-02 08:25:00,15
PA1095,R003,A001,2027-03-08 15:45:00,2027-03-08 16:55:00,12
PA1096,R003,A003,2027-04-11 20:15:00,2027-04-11 21:25:00,6
PA1097,R003,A003,2027-07-21 06:30:00,2027-07-21 07:40:00,122
PA1098,R003,A002,2027-09-18 18:45:00,2027-09-18 19:55:00,39
PA1099,R003,A002,2026-09-16 14:00:00,2026-09-16 15:10:00,25
PA1100,R003,A002,2026-11-14 23:15:00,2026-11-15 00:25:00,13
PA1101,R003,A002,2027-01-05 08:45:00,2027-01-05 09:55:00,7
PA1102,R003,A002,2027-02-13 17:30:00,2027-02-13 18:40:00,1
PA1103,R003,A002,2027-06-07 07:15:00,2027-06-07 08:25:00,55
PA1104,R003,A002,2027-07-17 15:45:00,2027-07-17 16:55:00,50
PA1105,R003,A003,2027-09-16 20:15:00,2027-09-16 21:25:00,54
PA1106,R003,A002,2026-10-31 06:30:00,2026-10-31 07:40:00,14
PA1107,R003,A002,2026-11-10 18:45:00,2026-11-10 19:55:00,7
PA1108,R003,A002,2027-01-02 14:00:00,2027-01-02 15:10:00,2
PA1109,R003,A003,2027-03-16 23:15:00,2027-03-17 00:25:00,126
PA1110,R003,A001,2027-04-10 08:45:00,2027-04-10 09:55:00,77
PA1111,R003,A003,2027-07-27 17:30:00,2027-07-27 18:40:00,46
PA1112,R003,A001,2027-10-02 07:15:00,2027-10-02 08:25:00,21
PA1113,R004,A001,2026-10-02 14:00:00,2026-10-02 15:25:00,9
PA1114,R004,A003,2026-11-14 20:15:00,2026-11-14 21:40:00,4
PA1115,R004,A002,2026-12-29 06:30:00,2026-12-29 07:55:00,59
PA1116,R004,A002,2027-01-16 21:30:00,2027-01-16 22:55:00,45
PA1117,R004,A003,2027-06-16 12:15:00,2027-06-16 13:40:00,33
PA1118,R004,A002,2027-07-24 23:15:00,2027-07-25 00:40:00,10
PA1119,R004,A001,2027-09-20 14:00:00,2027-09-20 15:25:00,9
PA1120,R004,A001,2026-09-19 20:15:00,2026-09-19 21:40:00,2
PA1121,R004,A001,2026-12-01 06:30:00,2026-12-01 07:55:00,108
PA1122,R004,A001,2026-12-26 21:30:00,2026-12-26 22:55:00,84
PA1123,R004,A003,2027-01-25 12:15:00,2027-01-25 13:40:00,37
PA1124,R004,A003,2027-06-19 23:15:00,2027-06-20 00:40:00,19
PA1125,R004,A002,2027-07-06 14:00:00,2027-07-06 15:25:00,7
PA1126,R004,A002,2027-10-16 20:15:00,2027-10-16 21:40:00,1
PA1127,R004,A003,2026-11-02 06:30:00,2026-11-02 07:55:00,103
PA1128,R004,A003,2026-11-01 21:30:00,2026-11-01 22:55:00,84
PA1129,R004,A002,2026-12-21 12:15:00,2026-12-21 13:40:00,28
PA1130,R004,A002,2027-01-23 23:15:00,2027-01-24 00:40:00,12
PA1131,R005,A003,2027-05-21 21:30:00,2027-05-21 23:15:00,12
PA1132,R005,A001,2027-07-25 05:30:00,2027-07-25 07:15:00,5
PA1133,R005,A003,2027-10-08 10:30:00,2027-10-08 12:15:00,137
PA1134,R005,A002,2026-10-03 17:30:00,2026-10-03 19:15:00,44
PA1135,R005,A002,2026-11-23 12:15:00,2026-11-23 14:00:00,22
PA1136,R005,A002,2026-12-26 15:45:00,2026-12-26 17:30:00,10
PA1137,R005,A003,2027-02-16 21:30:00,2027-02-16 23:15:00,11
PA1138,R005,A001,2027-04-03 05:30:00,2027-04-03 07:15:00,1
PA1139,R005,A002,2027-07-19 10:30:00,2027-07-19 12:15:00,60
PA1140,R005,A003,2027-10-16 17:30:00,2027-10-16 19:15:00,84
PA1141,R005,A003,2026-10-22 12:15:00,2026-10-22 14:00:00,46
PA1142,R005,A002,2026-11-21 15:45:00,2026-11-21 17:30:00,11
PA1143,R005,A002,2026-12-28 21:30:00,2026-12-28 23:15:00,7
PA1144,R005,A003,2027-02-27 05:30:00,2027-02-27 07:15:00,0
PA1145,R005,A003,2027-05-03 10:30:00,2027-05-03 12:15:00,124
PA1146,R005,A001,2027-07-31 17:30:00,2027-07-31 19:15:00,80
PA1147,R005,A001,2027-09-27 12:15:00,2027-09-27 14:00:00,36
PA1148,R005,A003,2026-09-19 15:45:00,2026-09-19 17:30:00,17
PA1149,R005,A003,2026-11-30 21:30:00,2026-11-30 23:15:00,13
PA1150,R005,A002,2026-12-26 05:30:00,2026-12-26 07:15:00,1
PA1151,R005,A003,2027-03-29 10:30:00,2027-03-29 12:15:00,132
PA1152,R005,A001,2027-04-17 17:30:00,2027-04-17 19:15:00,71
PA1153,R005,A001,2027-08-02 12:15:00,2027-08-02 14:00:00,42
PA1154,R005,A002,2027-09-11 15:45:00,2027-09-11 17:30:00,13
PA1155,R005,A003,2026-10-21 21:30:00,2026-10-21 23:15:00,13
PA1156,R005,A002,2026-11-07 05:30:00,2026-11-07 07:15:00,3
PA1157,R006,A003,2027-01-04 06:30:00,2027-01-04 08:05:00,106
PA1158,R006,A002,2027-01-09 08:45:00,2027-01-09 10:20:00,33
PA1159,R006,A003,2027-05-14 05:30:00,2027-05-14 07:05:00,50
PA1160,R006,A002,2027-08-15 06:30:00,2027-08-15 08:05:00,11
PA1161,R006,A003,2027-10-25 08:45:00,2027-10-25 10:20:00,10
PA1162,R006,A003,2026-09-19 05:30:00,2026-09-19 07:05:00,1
PA1163,R006,A002,2026-11-10 06:30:00,2026-11-10 08:05:00,56
PA1164,R006,A002,2026-12-26 08:45:00,2026-12-26 10:20:00,50
PA1165,R006,A003,2027-03-02 05:30:00,2027-03-02 07:05:00,43
PA1166,R006,A002,2027-04-10 06:30:00,2027-04-10 08:05:00,11
PA1167,R006,A002,2027-07-28 08:45:00,2027-07-28 10:20:00,5
PA1168,R006,A002,2027-10-30 05:30:00,2027-10-30 07:05:00,0
PA1169,R006,A002,2026-10-13 06:30:00,2026-10-13 08:05:00,69
PA1170,R006,A002,2026-11-28 08:45:00,2026-11-28 10:20:00,41
PA1171,R007,A003,2026-12-23 10:30:00,2026-12-23 11:30:00,39
PA1172,R007,A002,2027-01-23 18:45:00,2027-01-23 19:45:00,10
PA1173,R007,A003,2027-05-04 20:15:00,2027-05-04 21:15:00,10
PA1174,R007,A001,2027-08-07 21:30:00,2027-08-07 22:30:00,2
PA1175,R007,A002,2027-09-15 23:15:00,2027-09-16 00:15:00,69
PA1176,R007,A001,2026-10-24 05:30:00,2026-10-24 06:30:00,59
PA1177,R007,A002,2026-12-01 08:45:00,2026-12-01 09:45:00,30
PA1178,R007,A001,2026-12-26 14:00:00,2026-12-26 15:00:00,26
PA1179,R007,A002,2027-02-15 06:30:00,2027-02-15 07:30:00,6
PA1180,R007,A002,2027-05-15 10:30:00,2027-05-15 11:30:00,1
PA1181,R007,A001,2027-08-20 18:45:00,2027-08-20 19:45:00,114
PA1182,R007,A003,2027-10-30 20:15:00,2027-10-30 21:15:00,79
PA1183,R007,A001,2026-10-14 21:30:00,2026-10-14 22:30:00,37
PA1184,R007,A002,2026-12-05 23:15:00,2026-12-06 00:15:00,15
PA1185,R007,A002,2027-01-01 05:30:00,2027-01-01 06:30:00,5
PA1186,R007,A001,2027-01-23 08:45:00,2027-01-23 09:45:00,2
PA1187,R007,A003,2027-06-22 14:00:00,2027-06-22 15:00:00,98
PA1188,R007,A002,2027-08-21 06:30:00,2027-08-21 07:30:00,48
PA1189,R007,A001,2027-10-21 10:30:00,2027-10-21 11:30:00,52
PA1190,R007,A003,2026-10-17 18:45:00,2026-10-17 19:45:00,28
PA1191,R007,A001,2026-12-07 20:15:00,2026-12-07 21:15:00,12
PA1192,R007,A002,2027-01-02 21:30:00,2027-01-02 22:30:00,1
PA1193,R007,A001,2027-03-25 23:15:00,2027-03-26 00:15:00,111
PA1194,R007,A002,2027-04-11 05:30:00,2027-04-11 06:30:00,37
PA1195,R007,A002,2027-07-01 08:45:00,2027-07-01 09:45:00,26
PA1196,R007,A002,2027-09-04 14:00:00,2027-09-04 15:00:00,12
PA1197,R007,A002,2026-09-28 06:30:00,2026-09-28 07:30:00,7
PA1198,R007,A002,2026-12-19 10:30:00,2026-12-19 11:30:00,4
PA1199,R007,A001,2026-12-23 18:45:00,2026-12-23 19:45:00,95
PA1200,R007,A001,2027-03-13 20:15:00,2027-03-13 21:15:00,62
PA1201,R007,A003,2027-05-05 21:30:00,2027-05-05 22:30:00,46
PA1202,R007,A001,2027-07-18 23:15:00,2027-07-19 00:15:00,22
PA1203,R007,A001,2027-09-29 05:30:00,2027-09-29 06:30:00,9
PA1204,R007,A002,2026-10-24 08:45:00,2026-10-24 09:45:00,2
PA1205,R007,A002,2026-11-27 14:00:00,2026-11-27 15:00:00,75
PA1206,R007,A001,2026-12-27 06:30:00,2026-12-27 07:30:00,59
PA1207,R007,A002,2027-03-01 10:30:00,2027-03-01 11:30:00,17
PA1208,R008,A003,2027-06-05 07:15:00,2027-06-05 08:30:00,28
PA1209,R008,A002,2027-06-28 18:45:00,2027-06-28 20:00:00,8
PA1210,R008,A001,2027-10-16 12:15:00,2027-10-16 13:30:00,1
PA1211,R008,A003,2026-11-02 23:15:00,2026-11-03 00:30:00,116
PA1212,R008,A002,2026-11-29 05:30:00,2026-11-29 06:45:00,38
PA1213,R008,A003,2026-12-25 14:00:00,2026-12-25 15:15:00,53
PA1214,R008,A002,2027-01-23 07:15:00,2027-01-23 08:30:00,9
PA1215,R008,A002,2027-05-24 18:45:00,2027-05-24 20:00:00,6
PA1216,R008,A001,2027-07-31 12:15:00,2027-07-31 13:30:00,4
PA1217,R008,A001,2027-09-20 23:15:00,2027-09-21 00:30:00,91
PA1218,R008,A002,2026-09-19 05:30:00,2026-09-19 06:45:00,50
PA1219,R008,A003,2026-11-05 14:00:00,2026-11-05 15:15:00,36
PA1220,R008,A001,2027-01-02 07:15:00,2027-01-02 08:30:00,19
PA1221,R008,A002,2027-01-27 18:45:00,2027-01-27 20:00:00,7
PA1222,R008,A002,2027-04-04 12:15:00,2027-04-04 13:30:00,4
PA1223,R008,A002,2027-07-26 23:15:00,2027-07-27 00:30:00,58
PA1224,R008,A003,2027-10-23 05:30:00,2027-10-23 06:45:00,62
PA1225,R008,A002,2026-10-05 14:00:00,2026-10-05 15:15:00,24
PA1226,R008,A002,2026-11-28 07:15:00,2026-11-28 08:30:00,10
PA1227,R009,A003,2027-01-05 08:45:00,2027-01-05 10:05:00,13
PA1228,R009,A001,2027-02-07 17:30:00,2027-02-07 18:50:00,4
PA1229,R009,A002,2027-04-07 15:45:00,2027-04-07 17:05:00,77
PA1230,R009,A003,2027-08-21 06:30:00,2027-08-21 07:50:00,74
PA1231,R009,A001,2027-09-13 07:15:00,2027-09-13 08:35:00,39
PA1232,R009,A001,2026-10-10 05:30:00,2026-10-10 06:50:00,17
PA1233,R009,A001,2026-11-09 08:45:00,2026-11-09 10:05:00,8
PA1234,R009,A003,2027-01-02 17:30:00,2027-01-02 18:50:00,6
PA1235,R009,A003,2027-02-12 15:45:00,2027-02-12 17:05:00,120
PA1236,R009,A001,2027-04-24 06:30:00,2027-04-24 07:50:00,71
PA1237,R009,A002,2027-08-06 07:15:00,2027-08-06 08:35:00,22
PA1238,R009,A002,2027-10-30 05:30:00,2027-10-30 06:50:00,14
PA1239,R009,A001,2026-10-07 08:45:00,2026-10-07 10:05:00,12
PA1240,R009,A001,2026-12-19 17:30:00,2026-12-19 18:50:00,4
PA1241,R009,A003,2026-12-29 15:45:00,2026-12-29 17:05:00,97
PA1242,R009,A003,2027-02-20 06:30:00,2027-02-20 07:50:00,76
PA1243,R009,A003,2027-06-07 07:15:00,2027-06-07 08:35:00,41
PA1244,R009,A002,2027-07-17 05:30:00,2027-07-17 06:50:00,9
PA1245,R009,A001,2027-09-16 08:45:00,2027-09-16 10:05:00,12
PA1246,R009,A002,2026-10-04 17:30:00,2026-10-04 18:50:00,1
PA1247,R009,A001,2026-11-09 15:45:00,2026-11-09 17:05:00,130
PA1248,R009,A002,2027-01-02 06:30:00,2027-01-02 07:50:00,33
PA1249,R009,A002,2027-03-05 07:15:00,2027-03-05 08:35:00,24
PA1250,R010,A001,2027-05-01 08:45:00,2027-05-01 10:05:00,19
PA1251,R010,A003,2027-06-28 23:15:00,2027-06-29 00:35:00,10
PA1252,R010,A002,2027-10-16 15:45:00,2027-10-16 17:05:00,1
PA1253,R010,A002,2026-10-12 08:45:00,2026-10-12 10:05:00,66
PA1254,R010,A002,2026-12-12 23:15:00,2026-12-13 00:35:00,48
PA1255,R010,A002,2026-12-29 15:45:00,2026-12-29 17:05:00,19
PA1256,R010,A002,2027-01-09 08:45:00,2027-01-09 10:05:00,12
PA1257,R010,A002,2027-04-15 23:15:00,2027-04-16 00:35:00,7
PA1258,R010,A001,2027-08-14 15:45:00,2027-08-14 17:05:00,4
PA1259,R010,A001,2027-10-18 08:45:00,2027-10-18 10:05:00,90
PA1260,R010,A002,2026-09-26 23:15:00,2026-09-27 00:35:00,34
PA1261,R010,A001,2026-11-16 15:45:00,2026-11-16 17:05:00,35
PA1262,R010,A001,2027-01-02 08:45:00,2027-01-02 10:05:00,23
PA1263,R010,A003,2027-03-22 23:15:00,2027-03-23 00:35:00,12
PA1264,R010,A001,2027-06-19 15:45:00,2027-06-19 17:05:00,1
PA1265,R011,A002,2027-06-25 08:45:00,2027-06-25 09:40:00,78
PA1266,R011,A002,2027-10-09 17:30:00,2027-10-09 18:25:00,46
PA1267,R011,A002,2026-10-15 05:30:00,2026-10-15 06:25:00,30
PA1268,R011,A002,2026-11-21 18:45:00,2026-11-21 19:40:00,10
PA1269,R011,A002,2026-12-30 10:30:00,2026-12-30 11:25:00,6
PA1270,R011,A003,2027-01-09 20:15:00,2027-01-09 21:10:00,5
PA1271,R011,A002,2027-05-03 08:45:00,2027-05-03 09:40:00,65
PA1272,R011,A001,2027-07-18 17:30:00,2027-07-18 18:25:00,65
PA1273,R011,A002,2027-10-19 05:30:00,2027-10-19 06:25:00,25
PA1274,R011,A002,2026-09-27 18:45:00,2026-09-27 19:40:00,15
PA1275,R011,A002,2026-11-30 10:30:00,2026-11-30 11:25:00,6
PA1276,R011,A001,2026-12-26 20:15:00,2026-12-26 21:10:00,1
PA1277,R011,A003,2027-03-15 08:45:00,2027-03-15 09:40:00,142
PA1278,R011,A001,2027-05-08 17:30:00,2027-05-08 18:25:00,56
PA1279,R011,A002,2027-07-26 05:30:00,2027-07-26 06:25:00,21
PA1280,R011,A003,2027-10-03 18:45:00,2027-10-03 19:40:00,18
PA1281,R011,A001,2026-09-25 10:30:00,2026-09-25 11:25:00,10
PA1282,R011,A002,2026-11-07 20:15:00,2026-11-07 21:10:00,2
PA1283,R011,A001,2027-01-04 08:45:00,2027-01-04 09:40:00,102
PA1284,R011,A002,2027-01-17 17:30:00,2027-01-17 18:25:00,44
PA1285,R011,A001,2027-05-03 05:30:00,2027-05-03 06:25:00,40
PA1286,R011,A002,2027-07-24 18:45:00,2027-07-24 19:40:00,9
PA1287,R011,A001,2027-10-25 10:30:00,2027-10-25 11:25:00,10
PA1288,R011,A003,2026-10-17 20:15:00,2026-10-17 21:10:00,3
PA1289,R011,A002,2026-11-04 08:45:00,2026-11-04 09:40:00,58
PA1290,R011,A002,2027-01-02 17:30:00,2027-01-02 18:25:00,50
PA1291,R012,A002,2027-01-19 23:15:00,2027-01-20 00:25:00,25
PA1292,R012,A001,2027-05-01 12:15:00,2027-05-01 13:25:00,26
PA1293,R012,A002,2027-07-26 10:30:00,2027-07-26 11:40:00,8
PA1294,R012,A003,2027-09-12 18:45:00,2027-09-12 19:55:00,4
PA1295,R012,A002,2026-10-06 06:30:00,2026-10-06 07:40:00,73
PA1296,R012,A003,2026-11-14 08:45:00,2026-11-14 09:55:00,71
PA1297,R012,A002,2026-12-31 20:15:00,2026-12-31 21:25:00,23
PA1298,R012,A001,2027-03-20 17:30:00,2027-03-20 18:40:00,17
PA1299,R012,A001,2027-05-03 21:30:00,2027-05-03 22:40:00,10
PA1300,R012,A002,2027-07-03 23:15:00,2027-07-04 00:25:00,2
PA1301,R012,A001,2027-09-20 12:15:00,2027-09-20 13:25:00,110
PA1302,R012,A003,2026-09-19 10:30:00,2026-09-19 11:40:00,91
PA1303,R012,A003,2026-12-18 18:45:00,2026-12-18 19:55:00,33
PA1304,R012,A002,2027-01-02 06:30:00,2027-01-02 07:40:00,15
PA1305,R012,A002,2027-03-08 08:45:00,2027-03-08 09:55:00,5
PA1306,R012,A002,2027-04-24 20:15:00,2027-04-24 21:25:00,1
PA1307,R012,A001,2027-07-19 17:30:00,2027-07-19 18:40:00,105
PA1308,R012,A001,2027-09-11 21:30:00,2027-09-11 22:40:00,78
PA1309,R012,A002,2026-09-28 23:15:00,2026-09-29 00:25:00,27
PA1310,R012,A001,2026-12-19 12:15:00,2026-12-19 13:25:00,25
PA1311,R012,A001,2026-12-28 10:30:00,2026-12-28 11:40:00,8
PA1312,R012,A003,2027-01-16 18:45:00,2027-01-16 19:55:00,5
PA1313,R012,A002,2027-05-04 06:30:00,2027-05-04 07:40:00,56
PA1314,R012,A003,2027-07-17 08:45:00,2027-07-17 09:55:00,70
PA1315,R012,A002,2027-10-11 20:15:00,2027-10-11 21:25:00,25
PA1316,R012,A002,2026-09-19 17:30:00,2026-09-19 18:40:00,12
PA1317,R012,A002,2026-11-23 21:30:00,2026-11-23 22:40:00,5
PA1318,R012,A001,2026-12-26 23:15:00,2026-12-27 00:25:00,5
PA1319,R012,A003,2027-02-05 12:15:00,2027-02-05 13:25:00,105
PA1320,R012,A002,2027-05-15 10:30:00,2027-05-15 11:40:00,38
PA1321,R012,A002,2027-08-02 18:45:00,2027-08-02 19:55:00,22
PA1322,R012,A003,2027-09-25 06:30:00,2027-09-25 07:40:00,16
PA1323,R012,A001,2026-10-19 08:45:00,2026-10-19 09:55:00,10
PA1324,R013,A002,2026-11-15 06:30:00,2026-11-15 07:30:00,0
PA1325,R013,A002,2027-01-04 08:45:00,2027-01-04 09:45:00,69
PA1326,R013,A002,2027-02-27 12:15:00,2027-02-27 13:15:00,47
PA1327,R013,A002,2027-04-19 20:15:00,2027-04-19 21:15:00,25
PA1328,R013,A002,2027-07-24 05:30:00,2027-07-24 06:30:00,13
PA1329,R013,A003,2027-10-18 23:15:00,2027-10-19 00:15:00,14
PA1330,R013,A001,2026-10-17 14:00:00,2026-10-17 15:00:00,2
PA1331,R013,A003,2026-12-07 07:15:00,2026-12-07 08:15:00,123
PA1332,R013,A003,2027-01-09 17:30:00,2027-01-09 18:30:00,66
PA1333,R013,A003,2027-01-21 06:30:00,2027-01-21 07:30:00,46
PA1334,R013,A002,2027-06-05 08:45:00,2027-06-05 09:45:00,11
PA1335,R013,A002,2027-08-20 12:15:00,2027-08-20 13:15:00,5
PA1336,R013,A001,2027-10-02 20:15:00,2027-10-02 21:15:00,4
PA1337,R013,A002,2026-10-15 05:30:00,2026-10-15 06:30:00,65
PA1338,R013,A002,2026-11-28 23:15:00,2026-11-29 00:15:00,47
PA1339,R013,A002,2026-12-22 14:00:00,2026-12-22 15:00:00,24
PA1340,R013,A002,2027-02-06 07:15:00,2027-02-06 08:15:00,15
PA1341,R013,A001,2027-05-14 17:30:00,2027-05-14 18:30:00,9
PA1342,R013,A003,2027-08-07 06:30:00,2027-08-07 07:30:00,3
PA1343,R013,A002,2027-09-23 08:45:00,2027-09-23 09:45:00,67
PA1344,R013,A003,2026-10-17 12:15:00,2026-10-17 13:15:00,91
PA1345,R013,A003,2026-12-14 20:15:00,2026-12-14 21:15:00,46
PA1346,R013,A002,2026-12-26 05:30:00,2026-12-26 06:30:00,15
PA1347,R013,A003,2027-02-03 23:15:00,2027-02-04 00:15:00,13
PA1348,R013,A001,2027-04-17 14:00:00,2027-04-17 15:00:00,5
PA1349,R013,A002,2027-07-16 07:15:00,2027-07-16 08:15:00,74
PA1350,R013,A002,2027-09-25 17:30:00,2027-09-25 18:30:00,43
PA1351,R013,A002,2026-10-21 06:30:00,2026-10-21 07:30:00,19
PA1352,R013,A001,2026-12-05 08:45:00,2026-12-05 09:45:00,26
PA1353,R013,A002,2026-12-21 12:15:00,2026-12-21 13:15:00,5
PA1354,R013,A001,2027-01-30 20:15:00,2027-01-30 21:15:00,6
PA1355,R013,A003,2027-04-16 05:30:00,2027-04-16 06:30:00,144
PA1356,R013,A001,2027-07-24 23:15:00,2027-07-25 00:15:00,64
PA1357,R013,A001,2027-09-01 14:00:00,2027-09-01 15:00:00,32
PA1358,R013,A002,2026-09-19 07:15:00,2026-09-19 08:15:00,15
PA1359,R013,A002,2026-12-14 17:30:00,2026-12-14 18:30:00,5
PA1360,R013,A003,2027-01-02 06:30:00,2027-01-02 07:30:00,3
PA1361,R013,A003,2027-01-22 08:45:00,2027-01-22 09:45:00,104
PA1362,R014,A002,2027-05-15 12:15:00,2027-05-15 17:15:00,50
PA1363,R014,A003,2027-07-26 18:45:00,2027-07-26 23:45:00,42
PA1364,R014,A002,2027-10-02 15:45:00,2027-10-02 20:45:00,15
PA1365,R014,A003,2026-10-05 17:30:00,2026-10-05 22:30:00,10
PA1366,R014,A003,2026-11-14 23:15:00,2026-11-15 04:15:00,6
PA1367,R014,A003,2026-12-31 05:30:00,2026-12-31 10:30:00,107
PA1368,R014,A003,2027-03-27 14:00:00,2027-03-27 19:00:00,66
PA1369,R014,A003,2027-04-23 08:45:00,2027-04-23 13:45:00,43
PA1370,R014,A003,2027-06-27 06:30:00,2027-06-27 11:30:00,18
PA1371,R014,A002,2027-09-27 12:15:00,2027-09-27 17:15:00,5
PA1372,R014,A003,2026-10-31 18:45:00,2026-10-31 23:45:00,2
PA1373,R014,A002,2026-11-09 15:45:00,2026-11-09 20:45:00,62
PA1374,R014,A003,2026-12-26 17:30:00,2026-12-26 22:30:00,91
PA1375,R014,A001,2027-01-25 23:15:00,2027-01-26 04:15:00,34
PA1376,R014,A003,2027-04-17 05:30:00,2027-04-17 10:30:00,24
PA1377,R014,A003,2027-08-09 14:00:00,2027-08-09 19:00:00,11
PA1378,R014,A001,2027-10-10 08:45:00,2027-10-10 13:45:00,0
PA1379,R014,A002,2026-10-27 06:30:00,2026-10-27 11:30:00,56
PA1380,R014,A003,2026-11-21 12:15:00,2026-11-21 17:15:00,76
PA1381,R014,A001,2026-12-21 18:45:00,2026-12-21 23:45:00,48
PA1382,R014,A001,2027-03-27 15:45:00,2027-03-27 20:45:00,25
PA1383,R014,A001,2027-04-21 17:30:00,2027-04-21 22:30:00,13
PA1384,R014,A002,2027-08-14 23:15:00,2027-08-15 04:15:00,0
PA1385,R014,A003,2027-09-13 05:30:00,2027-09-13 10:30:00,127
PA1386,R014,A002,2026-10-17 14:00:00,2026-10-17 19:00:00,38
PA1387,R014,A003,2026-11-16 08:45:00,2026-11-16 13:45:00,49
PA1388,R014,A003,2027-01-02 06:30:00,2027-01-02 11:30:00,28
PA1389,R014,A001,2027-03-22 12:15:00,2027-03-22 17:15:00,13
PA1390,R014,A003,2027-04-03 18:45:00,2027-04-03 23:45:00,4
PA1391,R014,A002,2027-07-01 15:45:00,2027-07-01 20:45:00,62
PA1392,R014,A001,2027-09-25 17:30:00,2027-09-25 22:30:00,81
PA1393,R014,A002,2026-09-28 23:15:00,2026-09-29 04:15:00,17
PA1394,R014,A003,2026-12-05 05:30:00,2026-12-05 10:30:00,25
PA1395,R014,A003,2027-01-01 14:00:00,2027-01-01 19:00:00,11
PA1396,R014,A003,2027-01-16 08:45:00,2027-01-16 13:45:00,0
PA1397,R014,A003,2027-06-16 06:30:00,2027-06-16 11:30:00,99
PA1398,R014,A002,2027-07-31 12:15:00,2027-07-31 17:15:00,44
PA1399,R014,A003,2027-09-22 18:45:00,2027-09-22 23:45:00,58
PA1400,R014,A001,2026-10-24 15:45:00,2026-10-24 20:45:00,16
PA1401,R014,A001,2026-11-09 17:30:00,2026-11-09 22:30:00,12
PA1402,R014,A003,2026-12-20 23:15:00,2026-12-21 04:15:00,2
PA1403,R003,A001,2027-05-12 08:00:00,2027-05-12 09:10:00,85
PA1404,R008,A002,2027-05-12 10:25:00,2027-05-12 11:40:00,50
PA1405,R003,A003,2027-05-12 14:00:00,2027-05-12 15:10:00,62
PA1406,R009,A001,2027-05-12 16:40:00,2027-05-12 18:00:00,91
PA1407,R007,A002,2027-05-15 07:00:00,2027-05-15 08:00:00,38
PA1408,R010,A002,2027-05-15 10:00:00,2027-05-15 11:20:00,50
PA1409,R007,A001,2027-05-15 12:00:00,2027-05-15 13:00:00,53
PA1410,R011,A002,2027-05-15 14:05:00,2027-05-15 15:00:00,44
PA1411,R012,A002,2027-05-19 06:00:00,2027-05-19 07:10:00,49
PA1412,R005,A001,2027-05-19 09:00:00,2027-05-19 10:45:00,63
PA1413,R003,A002,2027-05-20 16:00:00,2027-05-20 17:10:00,32
PA1414,R008,A002,2027-05-20 17:35:00,2027-05-20 18:50:00,52
PA1415,R007,A001,2027-05-21 06:00:00,2027-05-21 07:00:00,57
PA1416,R011,A002,2027-05-21 13:00:00,2027-05-21 13:55:00,38
